X,Y,Potential_Energy
2.996321,1.110798,-2.324661
7.605714,3.251406,-0.018615
5.855952,5.237675,-1.206398
4.789268,4.393349,-2.660737
1.248149,4.839367,0.055832
1.247956,3.952700,0.611911
0.464669,4.153659,-0.421832
6.929409,5.095174,-0.275272
4.808920,1.498008,-0.161262
5.664581,2.936550,-0.892807
0.164676,1.327257,-2.916259
7.759279,5.926008,-0.041651
6.659541,5.664356,-0.366536
1.698713,0.236561,-1.378025
1.454600,4.233451,0.849116
1.467236,5.551490,-0.026223
2.433938,1.083452,-3.009040
4.198051,3.407671,-1.806343
3.455560,5.492930,-0.875630
2.329833,0.203676,-1.240122
4.894823,4.184522,-2.503270
1.115951,1.784094,-4.297943
2.337157,5.546377,-0.154102
2.930895,5.826349,-0.266619
3.648560,5.665599,-0.834740
6.281408,2.845285,-0.313395
1.597390,5.172256,-0.048997
4.113876,5.067296,-2.186818
4.739317,1.914603,0.010207
0.371603,4.973493,-0.072446
4.860359,0.222046,-0.103630
1.364193,3.577619,0.379551
0.520413,1.380053,-3.640192
7.591084,0.723401,-0.000155
7.725056,0.461719,-0.000052
6.467179,4.177733,-0.567052
2.436910,2.039250,-1.910781
0.781377,4.348601,-0.028417
5.473864,0.392138,-0.040586
3.521220,1.891742,-0.943857
0.976306,3.236948,-1.433298
3.961415,4.744339,-2.330742
0.275108,1.912515,-4.176708
7.274563,3.755348,-0.077791
2.070240,5.315866,-0.129254
5.300178,3.695179,-1.944490
2.493689,1.397757,-2.990698
4.160544,0.146405,-0.274438
4.373682,5.220593,-2.103711
1.478836,0.127616,-1.117214
7.756677,5.248210,-0.045611
6.201063,3.173623,-0.501962
7.515992,5.634406,-0.077604
7.158619,4.792699,-0.171521
4.783200,5.987605,-0.986839
7.374994,2.104271,-0.006433
0.707940,4.603130,-0.060393
1.567863,2.411585,-2.382329
0.361818,2.879254,-3.257672
2.602643,3.765033,0.717037
3.109418,5.242063,-0.809110
2.170792,5.904501,-0.056318
6.629900,4.609640,-0.469343
2.854027,2.506601,-1.119572
2.247476,2.528142,-1.132226
4.341569,4.425494,-2.570014
1.127394,1.432663,-4.148684
6.417576,0.662845,-0.006264
0.596405,2.127733,-4.540443
7.895095,1.723434,-0.000511
6.177958,1.777849,-0.088651
1.589725,1.401647,-3.932415
0.044177,0.252559,-0.608439
6.523691,0.107244,-0.001568
5.654859,5.926334,-0.858213
5.832057,2.566639,-0.490593
6.170163,2.305960,-0.200924
0.592357,4.077884,-0.390960
2.867726,1.309523,-2.536965
0.926952,5.699767,-0.008762
6.904827,4.718070,-0.285146
4.986385,0.536466,-0.137013
2.647184,2.505485,-1.097116
0.508467,5.274710,-0.030824
2.487859,5.668392,-0.165407
2.601467,2.804409,-0.684138
5.836849,3.680468,-1.226541
5.100460,1.002204,-0.193201
7.097702,5.947012,-0.156210
3.777719,1.390030,-1.133455
0.956754,5.656391,-0.010226
5.705958,3.897880,-1.549993
6.086280,3.646421,-0.849328
4.490218,3.076131,-1.469017
6.167737,1.384019,-0.046432
3.950365,1.059168,-1.018495
4.181863,1.322917,-0.688216
3.420328,1.118630,-1.730039
0.203353,4.677507,-0.164430
0.863131,2.100752,-4.426427
0.251433,0.347056,-0.870398
5.091283,5.814616,-1.195126
2.514848,5.302715,-0.307017
4.068566,5.566514,-1.301089
7.260532,5.969447,-0.115062
1.994338,1.043371,-3.334959
3.283063,2.377452,-1.105302
6.044409,4.549431,-1.152128
1.830385,4.176124,1.179054
0.615839,0.923375,-2.542656
2.318012,4.894999,-0.189626
1.289770,1.346643,-4.030393
7.437581,1.342906,-0.001104
6.464963,3.221847,-0.314695
5.067230,3.557640,-1.966510
6.971685,3.480517,-0.129287
6.429377,0.548921,-0.004841
1.492560,5.264765,-0.042218
7.140472,1.593600,-0.004950
4.314738,0.777090,-0.538831
6.459521,5.332488,-0.565009
7.168730,5.733909,-0.151712
2.544028,5.172766,-0.370272
0.880415,4.857096,-0.023745
1.823481,3.931452,1.351408
3.416862,3.305144,-1.225477
6.544118,0.521921,-0.003287
6.885845,2.450719,-0.046692
0.055617,2.236131,-3.889822
4.085978,1.558523,-0.547452
3.339288,4.340521,-1.025070
1.776862,2.975254,-0.434306
0.958923,0.486277,-1.683340
2.700921,1.321099,-2.765000
7.543278,4.099553,-0.050369
2.585623,0.456785,-1.622452
4.150325,5.107241,-2.154606
5.624152,2.970879,-0.960277
2.909037,2.883519,-0.861326
7.774257,3.554447,-0.016032
7.699578,4.948086,-0.050158
2.014258,2.086855,-2.314202
3.977988,4.068097,-1.889687
2.407026,3.394392,0.547889
2.278724,1.602170,-2.988043
0.295096,5.271780,-0.032828
4.876515,4.784556,-2.641564
4.021432,3.950711,-1.875274
0.411830,5.103490,-0.050946
2.229172,5.203765,-0.198085
7.266127,4.250178,-0.111166
1.916495,5.022080,-0.074726
1.159159,4.184829,0.479719
3.915622,4.080845,-1.816750
7.885204,3.711668,-0.013561
1.936442,4.516300,0.553221
5.377084,0.951631,-0.115276
6.092957,5.285225,-0.920032
1.901100,5.231061,-0.097038
5.825731,0.175484,-0.012062
2.942265,4.954901,-0.799583
5.058447,0.773219,-0.167936
5.068238,2.010713,-0.152718
4.286197,4.461050,-2.558989
0.722318,0.964559,-2.787477
6.682420,4.907802,-0.433547
2.566241,4.992805,-0.411058
1.492148,3.044806,-0.740091
0.326201,0.038315,-0.514448
4.727144,1.722229,-0.033202
5.420515,3.701562,-1.827238
0.132703,5.887117,-0.004229
4.096744,3.790881,-1.889756
1.811966,1.558821,-3.634552
5.161382,3.804034,-2.132071
1.394931,3.239912,-0.383560
5.527502,4.679072,-1.953071
3.093883,0.641884,-1.543406
7.493840,4.566167,-0.074111
1.100168,3.247599,-1.094980
2.728531,5.777952,-0.208836
0.907788,2.051233,-4.414241
7.397549,3.795731,-0.058539
7.018715,5.592169,-0.210256
2.063533,0.615058,-2.269525
5.279872,5.623371,-1.365466
6.537778,4.127314,-0.490294
4.441606,0.407022,-0.276842
4.237205,1.805781,-0.154480
1.934818,4.249033,1.075921
0.744822,0.404104,-1.340136
7.177726,3.493023,-0.078730
7.203344,2.075298,-0.010314
5.064812,3.725493,-2.116259
2.712238,0.274452,-1.200797
2.793677,5.229221,-0.528755
5.807645,5.840934,-0.837383
7.176882,5.813267,-0.144623
7.096691,4.497911,-0.182063
6.239004,0.780517,-0.012843
5.136253,4.549579,-2.497999
0.673120,0.147521,-0.823784
1.293030,0.132741,-1.074213
7.188434,1.941661,-0.008438
4.851432,2.931859,-1.222641
0.073576,4.622445,-0.195672
0.811772,4.099772,-0.093464
5.308014,2.675416,-0.839727
0.040493,1.641760,-3.335974
1.286464,5.982747,-0.006329
4.389870,2.557088,-0.639997
5.535162,2.708322,-0.786458
5.215690,0.981743,-0.157262
1.794154,4.768857,0.151220
5.697434,4.162093,-1.669389
1.897993,1.324618,-3.683605
2.603198,0.494286,-1.688368
5.971931,4.082996,-1.193780
5.197063,3.927067,-2.196223
6.793787,1.639557,-0.015059
5.260903,5.705181,-1.275610
4.546469,0.906347,-0.436979
0.749398,2.594009,-3.761333
2.941726,5.661696,-0.356595
2.121619,2.518364,-1.237109
1.951917,3.831156,1.365459
7.784084,2.385566,-0.002850
3.144782,1.645291,-1.758858
7.136372,5.903866,-0.149210
5.049109,2.456004,-0.547349
6.358490,5.364595,-0.641054
4.021097,1.379728,-0.822157
4.615231,1.278628,-0.366766
3.940142,0.186804,-0.386905
1.561944,3.910001,1.119215
5.779617,2.211158,-0.324669
2.246179,5.186149,-0.207344
0.194528,2.839259,-3.276040
5.163778,5.809161,-1.183956
1.416885,1.113153,-3.642023
7.523669,5.211739,-0.079504
7.631429,4.659581,-0.054425
7.318915,4.625531,-0.115166
2.961270,5.068699,-0.780496
0.123653,4.566144,-0.220963
7.426549,3.757322,-0.052457
3.425473,0.787469,-1.405013
7.733239,0.195157,-0.000030
7.708960,5.525087,-0.051023
6.824076,3.699902,-0.216817
2.355591,4.779224,-0.115353
3.080782,2.889134,-1.030710
6.809093,0.703849,-0.002130
2.535376,0.751115,-2.300925
1.355942,4.113392,0.808102
4.454410,2.581835,-0.663137
7.489238,1.203148,-0.000674
5.568238,2.949567,-0.990614
4.560489,0.385254,-0.223391
0.777412,3.491828,-1.156112
4.920058,1.613960,-0.099204
7.920431,4.785355,-0.026576
1.120672,1.862172,-4.260164
4.146637,2.731321,-1.046357
7.018985,0.069723,-0.000305
5.926149,0.434681,-0.015083
5.576126,2.354961,-0.475692
5.619873,2.879633,-0.882871
2.875929,3.600123,0.042111
2.348735,1.749975,-2.608033
6.474889,4.169891,-0.557882
6.480907,5.160734,-0.577375
6.936579,4.679106,-0.266163
7.305924,0.237713,-0.000156
4.090739,2.883042,-1.300330
4.012130,0.629581,-0.663979
6.386361,1.452270,-0.031293
5.199711,5.919976,-1.043366
5.615735,0.854973,-0.063936
6.366341,2.993329,-0.308812
7.120043,3.708934,-0.109997
2.703961,4.214790,0.372284
3.004664,3.357892,-0.495138
0.751856,0.058625,-0.731329
4.626241,1.958768,0.024516
0.287538,3.106270,-2.651169
3.724784,0.527199,-0.798552
4.341157,2.103762,-0.080057
2.292330,0.199219,-1.242939
4.726666,0.471471,-0.194948
0.244002,2.381540,-4.108496
0.298786,0.796295,-1.807038
6.580804,3.405245,-0.290417
2.881525,4.136790,0.127068
1.016484,4.803520,0.019800
4.177946,1.200901,-0.760825
6.159948,1.004895,-0.023986
1.726568,0.627407,-2.365822
4.983124,3.818581,-2.215286
0.682780,4.238854,-0.167806
0.413454,0.189517,-0.742650
4.250837,5.617273,-1.340742
4.325081,0.311828,-0.283746
5.099439,3.247778,-1.620178
5.808731,4.254363,-1.505975
7.806817,5.225815,-0.040146
4.130403,4.284522,-2.254259
2.583652,4.810368,-0.350438
6.361490,2.036701,-0.090207
2.166658,4.888951,-0.097021
3.511771,0.480689,-0.921693
0.627651,5.368900,-0.022848
0.202806,3.285554,-2.172250
7.701187,4.903787,-0.049394
6.687841,2.713910,-0.110331
5.567794,3.861466,-1.741359
3.271624,3.158416,-1.109248
1.386355,4.389537,0.596565
1.251496,0.489780,-1.864651
2.001943,0.362113,-1.654795
4.393813,1.482619,-0.347525
5.716767,0.957268,-0.060322
5.281579,5.230701,-1.843505
2.239471,1.315284,-3.344105
7.638922,5.855192,-0.055822
5.903175,2.021375,-0.209858
4.434832,1.092707,-0.546523
4.893766,4.738191,-2.655485
3.356800,3.952247,-0.795291
1.981848,2.989174,-0.196913
2.847781,3.332181,-0.239504
6.062769,4.315211,-1.106356
0.115148,1.370728,-2.924571
0.928581,5.978003,-0.003605
0.368021,5.848759,-0.004721
0.325830,3.901954,-0.828600
6.843685,1.197255,-0.005392
5.629263,4.081369,-1.752945
3.793391,0.433190,-0.656213
0.782673,0.183915,-0.940598
3.932927,1.546097,-0.748354
3.787774,2.775738,-1.260417
1.385615,5.209635,-0.035762
3.470813,4.363014,-1.308352
3.188038,4.456239,-0.867484
4.926801,2.552960,-0.643602
5.080749,2.075610,-0.193859
0.362432,2.226233,-4.360500
2.996901,5.925897,-0.248240
5.006879,0.240655,-0.081538
4.025090,5.202189,-1.883962
6.851919,3.472052,-0.169755
5.269549,2.631693,-0.793913
1.303475,4.351546,0.559965
0.564550,2.920014,-3.084776
5.139354,5.240539,-1.950447
0.212090,5.404211,-0.022075
4.686205,2.530326,-0.559713
7.521842,1.660967,-0.001658
4.603793,3.554102,-1.986750
3.105359,5.474180,-0.596317
5.146306,1.263973,-0.183157
3.666023,3.737800,-1.388610
4.364934,3.789361,-2.068093
7.531718,4.398678,-0.062333
3.088821,0.789406,-1.796718
7.689525,4.294950,-0.038749
7.242805,5.454195,-0.142733
1.566329,1.078099,-3.564982
0.554890,1.425260,-3.791179
0.806224,5.828371,-0.005371
0.145775,1.085862,-2.292827
0.755544,5.126311,-0.038542
5.464054,2.953667,-1.077121
0.569509,1.483386,-3.935136
2.551805,5.224499,-0.357926
6.759002,2.671832,-0.087938
0.186175,3.088904,-2.665776
6.515748,2.155400,-0.075677
2.254838,3.557705,0.970242
0.945319,0.981143,-3.064328
5.573897,2.346489,-0.470287
5.031543,5.816474,-1.203808
7.019776,1.548801,-0.006535
5.880568,3.940420,-1.288114
6.427847,1.951140,-0.067446
2.256277,4.640839,0.157073
1.419516,0.785242,-2.774788
6.004918,5.818926,-0.724517
6.454678,2.722737,-0.190017
7.924041,1.416303,-0.000228
3.300941,0.440980,-1.044579
2.976145,1.018547,-2.267686
6.211304,3.118644,-0.469429
2.726428,2.022019,-1.673822
7.446059,4.973300,-0.093097
6.867302,2.585325,-0.059537
3.431952,1.492286,-1.537370
6.006969,3.702870,-0.985566
6.036343,4.240663,-1.133349
0.824991,1.002251,-3.009020
7.220423,1.005715,-0.001083
4.042019,0.220029,-0.359727
6.611660,4.418412,-0.468712
2.560397,3.982827,0.820750
7.164186,2.847785,-0.038886
3.113613,5.065023,-0.960254
0.086701,4.834021,-0.115422
7.243056,3.512126,-0.067806
0.730293,5.209628,-0.033418
2.554509,1.235047,-2.970491
7.600496,0.671518,-0.000133
7.604857,1.618498,-0.001140
4.587503,0.342521,-0.200288
5.054698,3.187017,-1.558576
3.587564,5.619634,-0.840103
2.345686,0.236061,-1.296639
2.629316,0.732659,-2.175931
5.380148,2.713194,-0.862900
6.018996,5.603250,-0.835583
6.332632,1.896937,-0.076999
6.316945,3.043409,-0.358113
0.729649,0.249437,-1.025009
3.955362,0.890059,-0.925328
0.460470,5.919781,-0.003620
4.396231,5.790712,-1.149537
3.532244,0.029640,-0.465320
7.101633,5.710871,-0.173225
2.807320,3.834720,0.360595
0.936536,5.207510,-0.030629
1.143933,2.728439,-2.583753
6.092085,3.093576,-0.566681
4.945745,2.933079,-1.222487
0.808981,4.001186,-0.182117
0.672854,0.837908,-2.369290
5.607753,0.179842,-0.020562
0.582104,1.847580,-4.481443
6.574880,4.228085,-0.474886
5.649938,1.211121,-0.094740
0.650790,4.040595,-0.365340
0.678702,5.819472,-0.005285
7.893117,0.563404,-0.000034
2.994166,4.035613,-0.038204
2.965137,2.662501,-1.060273
6.502397,5.208854,-0.552166
7.577989,1.062899,-0.000356
7.888009,4.155756,-0.020107
6.027025,5.028692,-1.092618
3.010077,5.667685,-0.390388
0.668006,4.099488,-0.285902
6.217175,2.983049,-0.408786
4.467234,3.707083,-2.063195
3.393776,5.213430,-1.154004
7.250835,3.423658,-0.060855
0.889580,0.182322,-0.993657
3.941001,5.585692,-1.174029
0.090829,4.137161,-0.566118
3.749285,4.059080,-1.556750
0.450426,1.294051,-3.324588
0.950543,3.953313,0.022284
0.940210,2.363186,-3.958374
5.193682,3.907398,-2.185393
5.968359,0.639558,-0.019760
4.666950,3.947072,-2.302916
7.697380,5.996482,-0.046665
2.998965,0.289272,-1.050315
2.285697,5.863045,-0.077798
6.948793,2.441448,-0.038969
1.788767,5.224521,-0.076063
7.705780,4.694313,-0.045538
0.097236,3.402098,-1.863390
7.759031,4.430695,-0.034793
0.345279,5.271093,-0.032539
7.129145,2.424842,-0.023118
4.221609,1.962199,-0.111448
7.943718,4.005560,-0.015061
0.590373,4.847076,-0.073981
4.430834,4.573711,-2.710060
7.754420,4.786882,-0.041521
4.184783,2.613500,-0.831411
5.035189,4.907005,-2.430233
5.565990,0.721254,-0.057774
3.636329,3.266935,-1.483656
5.020465,0.034552,-0.055556
4.674514,1.947515,0.020318
7.209264,2.198769,-0.012606
0.363571,2.377036,-4.237610
2.247706,4.172803,1.043968
7.603292,2.331349,-0.004696
7.122110,2.692162,-0.035198
3.645254,1.425265,-1.290210
4.961061,2.239511,-0.264578
2.219049,1.363618,-3.349999
1.504969,0.439176,-1.825428
3.709587,3.620692,-1.480663
2.826818,4.009277,0.320078
4.669249,3.716942,-2.127259
0.621877,2.780964,-3.422803
7.795158,2.278715,-0.002257
7.889686,5.180002,-0.032254
5.585294,3.114491,-1.129004
4.288771,2.875091,-1.217184
2.476221,0.153852,-1.101292
6.510360,2.047487,-0.064675
5.477849,2.281174,-0.440113
1.300936,2.392937,-3.078625
7.287417,3.481034,-0.058569
6.580298,3.201615,-0.242444
7.598399,3.647431,-0.029521
5.805756,4.589300,-1.525601
4.907322,4.877914,-2.552756
3.345944,4.308738,-1.002832
7.461828,5.733142,-0.084884
6.928511,0.109395,-0.000443
0.361749,1.174668,-2.873083
0.210936,0.045377,-0.471492
3.011707,3.884848,-0.058160
6.484427,5.388183,-0.534123
7.898209,1.460894,-0.000279
1.203335,5.562207,-0.016939
4.753046,0.361604,-0.157139
3.047127,5.606616,-0.452797
7.759315,2.109736,-0.001847
6.736951,0.608525,-0.002187
6.706630,2.915231,-0.134883
3.749545,1.540659,-1.006036
3.318556,1.709237,-1.420033
2.187257,1.843740,-2.614075
0.451004,4.818155,-0.096851
6.917779,3.234968,-0.115991
6.503208,1.867846,-0.048923
7.997741,3.662003,-0.009075
7.973095,4.296904,-0.017409
4.443454,1.635744,-0.161992
6.151899,2.481295,-0.262643
7.558126,0.731317,-0.000178
6.797179,1.086896,-0.004925
1.978785,4.086707,1.290485
3.604353,1.088630,-1.463875
1.033275,3.150980,-1.555165
7.632408,4.254278,-0.044051
4.849397,0.641262,-0.203348
1.829142,3.403873,0.725047
5.373605,1.539377,-0.151414
4.945026,5.777561,-1.266633
2.865302,2.901274,-0.798533
0.908461,4.835955,-0.014708
5.372586,3.301359,-1.517581
4.162462,0.260475,-0.327866
6.178547,3.798908,-0.793235
4.161308,5.708420,-1.147252
6.817452,3.609671,-0.205557
4.415255,4.915133,-2.583825
4.487504,5.305239,-1.996148
7.013229,1.368479,-0.004608
3.227863,1.272269,-2.021262
1.072122,3.665886,-0.124896
0.230261,2.466171,-3.995287
6.041098,5.039168,-1.071408
4.962476,5.400139,-1.818666
5.632638,2.120528,-0.320135
1.703713,1.421223,-3.842725
1.090972,4.683153,0.102475
0.116357,1.648836,-3.508226
2.804700,4.935686,-0.639634
4.719341,2.542430,-0.582944
3.137952,4.005299,-0.337311
3.499799,0.573212,-1.046017
7.233270,3.743156,-0.085486
2.786044,2.710606,-0.921666
4.111916,3.519651,-1.825783
6.269224,1.008085,-0.018318
3.172342,4.421242,-0.792763
4.976694,5.176782,-2.146818
6.898910,1.300439,-0.005659
7.596165,0.574287,-0.000109
1.176588,0.141832,-1.049364
7.412701,3.851829,-0.058927
3.936930,3.642564,-1.726416
2.065955,3.280184,0.535946
3.673086,1.391683,-1.281870
7.840261,2.345436,-0.002190
3.940945,3.566858,-1.727024
2.630013,2.980601,-0.440563
5.067207,5.926713,-1.060527
1.921165,0.818639,-2.858736
0.606907,4.170867,-0.289941
1.031038,2.425913,-3.649174
1.024367,2.569198,-3.320511
1.215222,4.305587,0.498328
1.110617,4.154617,0.406494
5.126998,5.947536,-1.026760
1.455041,0.770366,-2.741613
2.765338,0.624658,-1.827410
7.174307,4.346033,-0.144356
3.791693,3.470322,-1.602570
5.340462,1.644964,-0.156612
1.378559,0.476516,-1.883565
1.538312,0.513949,-2.031024
0.326949,5.365145,-0.024524
1.351481,1.151204,-3.715236
2.228723,1.940229,-2.349232
1.416084,1.359938,-4.008559
0.709620,2.129978,-4.521360
0.965087,0.416543,-1.518970
3.686230,3.114359,-1.501302
1.650670,0.405675,-1.767847
2.914159,4.802139,-0.742491
4.027338,1.402272,-0.792800
5.523159,3.240071,-1.311660
0.314497,5.280475,-0.031855
6.395283,3.905264,-0.576935
5.023203,3.197747,-1.579910
0.654072,1.946003,-4.562392
6.988629,1.998011,-0.016810
7.366979,4.016922,-0.075128
0.488624,5.964836,-0.003067
2.215021,3.971035,1.258004
6.449610,3.346701,-0.361723
5.986078,4.383903,-1.234174
1.476168,2.791234,-1.544832
1.674795,0.360854,-1.660311
2.963777,3.373781,-0.399730
3.876184,5.745752,-0.906207
4.946038,1.051818,-0.252028
2.951309,4.140029,-0.016980
3.700278,1.205602,-1.347037
5.979768,3.214966,-0.751766
0.293466,0.580059,-1.321884
2.019496,2.702226,-0.895668
5.706797,4.536980,-1.693638
7.161655,2.085429,-0.011890
4.093420,3.989470,-1.972047
4.256908,4.772700,-2.609576
0.857376,5.563067,-0.012925
3.579299,1.407852,-1.405236
4.260938,2.395895,-0.438222
1.939764,0.914496,-3.092105
2.153946,5.954901,-0.049019
3.018273,5.562006,-0.465672
0.160570,3.239743,-2.275825
2.576633,5.052200,-0.419125
1.691584,3.125748,-0.132873
2.619979,3.741514,0.670453
0.958097,0.534747,-1.805599
7.124218,4.531623,-0.173325
4.748740,0.766281,-0.281468
5.432819,4.956406,-1.940706
6.313370,4.692169,-0.789783
3.987538,4.252468,-2.054560
0.695362,0.216962,-0.948148
4.296852,1.818770,-0.103133
4.694729,1.578675,-0.125260
5.963516,2.160818,-0.236061
3.453276,0.525856,-1.027530
1.020642,5.621747,-0.011906
2.270207,3.322813,0.546378
2.904658,1.833146,-1.782043
5.167338,2.381889,-0.496644
4.566226,2.683215,-0.818648
2.848774,3.603566,0.101156
7.892122,3.094077,-0.006228
4.846199,5.516352,-1.664479
1.897814,2.981781,-0.279863
0.814260,5.952948,-0.003543
1.222873,5.108550,-0.026581
1.967662,1.251063,-3.601917
1.285451,5.583571,-0.017972
1.492536,0.698198,-2.540608
2.280761,4.904698,-0.172047
1.386989,2.283740,-3.114488
7.174123,5.267846,-0.168618
0.641870,5.208340,-0.034953
4.196091,4.835552,-2.527420
3.283175,4.740183,-1.285958
7.859029,1.828075,-0.000731
0.896311,0.485516,-1.637295
3.182845,2.417881,-1.142881
7.755763,1.041147,-0.000176
6.924057,4.169707,-0.231531
6.536577,2.076598,-0.063571
2.063223,5.853661,-0.049447
1.367101,3.845832,0.768992
5.349146,4.934883,-2.065990
7.435008,0.795148,-0.000321
4.454103,5.172087,-2.221466
4.572902,5.536543,-1.613191
2.239833,2.922372,-0.300686
6.155943,3.637518,-0.756130
1.496350,4.588859,0.379671
2.589434,1.049032,-2.790721
3.403492,3.015396,-1.295931
4.060883,2.391978,-0.567962
1.939278,0.878244,-3.004112
0.918695,2.205207,-4.246283
4.884960,0.409034,-0.134679
2.309044,0.154871,-1.156151
4.649906,0.810998,-0.344794
1.234902,5.778691,-0.009978
3.849121,3.297177,-1.635662
4.260715,5.794933,-1.079360
0.414588,2.594987,-3.923934
2.692834,1.870897,-1.958805
1.075317,3.036851,-1.805256
0.507000,2.637070,-3.840770
7.919682,0.633988,-0.000036
2.578831,3.844958,0.795309
6.478996,1.296229,-0.018398
2.037125,3.717528,1.282096
5.452022,3.901207,-1.922654
6.081823,0.912149,-0.024536
4.765110,0.368098,-0.155538
3.772610,4.684570,-2.073973
3.294727,2.758803,-1.207474
2.790946,0.348983,-1.282846
7.436233,5.969198,-0.081867
6.644955,0.346683,-0.001718
7.720215,4.170211,-0.032756
0.994378,5.902074,-0.004943
5.846940,1.435081,-0.093195
7.506724,0.853496,-0.000284
1.449865,0.728310,-2.617086
0.531970,1.819651,-4.418405
5.928965,0.606275,-0.020503
4.595785,4.152968,-2.452103
6.734630,0.373751,-0.001373
1.118179,3.056533,-1.633711
6.362138,5.980181,-0.442360
1.613019,4.883822,0.052500
1.309248,3.691317,0.463124
1.314126,1.837522,-3.995751
6.516598,3.743375,-0.421605
5.321578,3.162249,-1.406669
4.184523,2.556500,-0.736671
2.870644,0.784262,-2.033379
7.017604,5.319625,-0.226653
3.139561,2.698708,-1.135120
6.532796,1.167735,-0.012387
3.513079,2.206556,-0.894313
3.015555,2.484779,-1.147771
3.701438,4.965227,-1.846103
2.411023,4.401686,0.475303
5.980875,4.615829,-1.245595
4.021763,0.066188,-0.288238
1.857702,2.496924,-1.602415
7.196597,2.888065,-0.037550
3.071130,0.115154,-0.773334
4.348423,1.558879,-0.300188
7.251777,4.561739,-0.131603
4.993904,0.822658,-0.199137
0.935184,3.211861,-1.604833
7.518657,1.291211,-0.000743
5.021664,0.072725,-0.059301
2.679245,1.447209,-2.693503
1.114177,5.855243,-0.006664
6.352202,4.809223,-0.741117
4.960582,5.757460,-1.292640
4.267689,2.927124,-1.303941
7.151141,0.658417,-0.000637
6.308778,3.287757,-0.452916
1.213399,2.726264,-2.409434
2.493777,5.066142,-0.356384
1.987913,0.588495,-2.223627
5.951570,2.929447,-0.611644
0.268259,0.900292,-2.019634
4.559117,1.948056,0.026111
6.099669,4.424142,-1.064657
7.014125,2.856109,-0.058654
2.736654,2.255330,-1.362919
6.570058,2.366858,-0.091170
0.885054,2.756681,-3.105043
6.771618,4.710099,-0.367219
1.019909,5.352508,-0.023972
3.178298,5.732008,-0.444689
6.378363,4.721420,-0.715448
1.199339,1.892441,-4.125264
1.834011,4.128808,1.237568
5.778021,2.625619,-0.563820
5.760292,1.528024,-0.119521
5.129181,5.045229,-2.202018
5.551588,0.230558,-0.025640
4.341796,5.410572,-1.744417
2.014392,2.768865,-0.735205
2.765568,3.823209,0.440381
1.452782,3.956124,0.973803
7.267604,5.370706,-0.137675
4.667134,3.820018,-2.205205
3.206811,3.683602,-0.576246
3.696046,0.399912,-0.693723
7.578267,3.110448,-0.016888
1.226811,0.901014,-3.031974
4.689839,4.424603,-2.687412
4.047109,3.073332,-1.538780
4.891634,4.081367,-2.428806
0.144881,0.250037,-0.665044
6.976991,0.508752,-0.000830
7.456946,4.297940,-0.071390
4.521065,0.432506,-0.255174
5.573207,0.427540,-0.034593
7.379995,0.072651,-0.000088
5.657909,5.739008,-1.014387
1.220312,4.425050,0.402450
4.610307,2.119508,-0.041166
4.853720,1.779213,-0.032360
3.393045,2.098219,-1.003150
5.891554,4.647921,-1.380704
7.474936,3.968224,-0.054823
7.404548,1.111173,-0.000734
3.606715,1.044656,-1.439294
0.905904,0.590374,-1.911778
7.878730,3.961816,-0.017591
6.711185,4.586236,-0.403886
0.997301,1.590279,-4.321806
7.366735,0.125670,-0.000102
6.959171,0.493030,-0.000852
4.150704,5.807160,-1.002413
4.730203,1.772669,-0.011778
3.192022,4.615339,-1.051689
0.438093,3.747981,-1.031548
2.681578,2.291638,-1.343840
6.422828,1.234124,-0.018933
0.037056,0.728319,-1.342700
2.667993,3.690078,0.541261
3.185350,4.647803,-1.067729
4.299165,3.863426,-2.071609
7.358845,3.181813,-0.034750
2.770768,0.251707,-1.130054
2.775626,5.810933,-0.213328
5.900010,4.792285,-1.339329
3.617744,1.756932,-0.934162
1.796839,5.879822,-0.025686
3.619516,3.611290,-1.360934
1.126856,3.494536,-0.361021
1.411096,4.488439,0.482068
3.986942,4.870619,-2.296634
3.351404,3.938872,-0.783422
7.318767,0.768574,-0.000456
2.899151,2.029605,-1.511362
4.644707,5.568502,-1.574703
5.058114,1.347694,-0.186631
0.104756,2.233002,-3.982706
5.308299,2.592461,-0.744877
1.424288,2.636430,-2.125129
7.688563,3.677637,-0.023494
1.189302,5.658455,-0.012909
3.316993,1.444156,-1.766344
0.682797,0.729008,-2.079810
7.974994,1.184823,-0.000108
4.017560,5.321549,-1.670035
4.763080,3.874865,-2.266274
0.536612,1.715441,-4.300636
5.999684,4.895682,-1.169077
1.679245,5.168220,-0.058092
7.184434,5.079086,-0.166681
1.641117,5.513559,-0.039598
1.525502,1.513446,-3.972061
0.292397,4.530252,-0.219580
3.776536,2.763237,-1.249235
4.518729,5.051991,-2.432987
0.525669,4.370944,-0.220231
6.204221,4.658685,-0.925963
3.626311,3.936971,-1.309790
4.195122,1.064573,-0.757746
3.526102,3.270162,-1.373863
3.206104,5.908018,-0.346169
4.477123,5.624328,-1.437831
1.241922,0.259042,-1.308476
1.455425,0.988889,-3.353087
6.894285,0.790373,-0.001956
7.568924,4.355879,-0.055343
2.986475,4.906712,-0.861084
2.165957,1.281068,-3.424994
5.151996,3.035116,-1.334058
3.269873,5.044218,-1.175056
0.203091,4.396809,-0.315637
1.249221,3.253423,-0.698086
5.727778,3.542086,-1.300510
5.271392,3.050163,-1.305220
0.216768,1.785291,-3.926991
1.775777,3.390132,0.648118
1.848598,4.133312,1.235967
5.375142,5.239937,-1.743035
0.157684,3.817748,-1.013790
0.832869,4.566729,0.008449
6.399329,0.960430,-0.011848
1.428357,2.769345,-1.725901
5.221969,0.055990,-0.038529
1.905462,1.480073,-3.611176
0.795531,4.358770,-0.013013
1.945378,5.950860,-0.031020
5.778135,0.595069,-0.028923
6.845572,2.408966,-0.048736
6.641759,4.800426,-0.465706
3.177468,1.224214,-2.103118
5.344681,3.330510,-1.571079
1.639874,4.398428,0.753266
2.345182,3.695913,1.044653
7.170687,1.128148,-0.001673
0.104015,2.132307,-3.985313
0.684068,4.702751,-0.065652
1.663090,3.325359,0.357165
0.212258,0.031378,-0.458593
1.451483,4.565945,0.394427
4.664332,0.211868,-0.143158
3.371396,4.474403,-1.239946
7.141374,1.214883,-0.002223
6.539548,5.748441,-0.415080
2.734539,2.207645,-1.418914
2.075387,1.961590,-2.505241
3.037539,0.893328,-2.022058
4.722360,1.833625,0.006939
2.144509,5.259905,-0.159414
4.993191,5.978006,-1.005709
3.275293,2.209857,-1.094408
4.416377,2.691664,-0.865022
3.489012,4.332426,-1.310537
2.355726,5.317175,-0.226015
7.587626,3.558266,-0.027802
6.108846,2.349154,-0.239410
1.120905,2.475731,-3.327692
6.947744,4.173709,-0.220471
3.899450,0.019310,-0.309464
7.156418,3.717536,-0.101337
6.398842,2.132958,-0.096166
3.401708,4.765184,-1.487499
0.179754,0.557944,-1.168701
2.149419,3.529214,0.998715
4.333074,2.885837,-1.219527
5.067826,3.853953,-2.216399
2.063101,0.389122,-1.706027
1.114849,3.479903,-0.426022
6.679442,3.368908,-0.228038
7.875217,3.363961,-0.009405
4.205521,3.620926,-1.907058
1.373434,4.058808,0.850235
2.178459,4.829934,-0.052015
0.147125,1.618924,-3.515793
7.314390,4.950296,-0.125062
0.942009,2.989534,-2.276717
4.612132,0.462350,-0.231564
2.192442,0.351306,-1.585239
4.433424,2.005430,-0.004280
5.211363,4.709382,-2.379310
6.637934,4.246086,-0.424846
1.651370,4.731690,0.207073
0.087967,3.103614,-2.572946
1.095085,2.641194,-2.958386
7.200149,0.884715,-0.000886
6.991121,1.969157,-0.015852
4.779305,2.604116,-0.690614
4.804135,0.531603,-0.187417
5.320293,1.323672,-0.151892
1.402970,3.589352,0.483883
7.315296,4.413979,-0.107102
3.350164,5.990085,-0.364110
3.065108,5.598680,-0.469903
4.151342,3.855391,-1.958890
0.375728,2.527488,-4.031758
1.330267,3.817064,0.670811
5.904269,4.713910,-1.350226
0.662389,0.710017,-2.007884
4.825217,2.459429,-0.479179
1.962793,5.038814,-0.093083
3.114365,2.302998,-1.175848
2.309550,3.431234,0.716154
2.845382,3.526616,0.019810
5.752367,1.106858,-0.069556
2.376974,2.173413,-1.713965
4.531237,2.007068,0.014340
3.808403,0.157180,-0.429896
5.309369,0.145151,-0.037583
7.494638,4.990182,-0.083341
5.860577,1.638425,-0.123351
1.719523,3.108473,-0.140122
0.249465,1.792353,-3.996758
2.098112,5.644075,-0.080314
4.760623,1.555781,-0.131267
0.411407,2.577941,-3.956127
3.970930,5.236382,-1.773351
4.774743,5.051601,-2.416761
2.673951,1.116609,-2.758798
6.167298,4.815860,-0.961408
0.852786,2.749121,-3.188822
0.601102,2.897813,-3.117022
5.825510,0.800880,-0.037039
3.963931,0.483609,-0.581074
5.507219,4.367636,-2.015185
3.478619,2.978767,-1.348124
1.971216,2.621104,-1.142419
6.552819,4.377049,-0.515877
6.395327,4.593077,-0.694740
5.557572,0.953449,-0.082438
2.177161,3.661351,1.163697
4.721845,0.812124,-0.308646
2.887791,4.508251,-0.393922
0.732657,3.941731,-0.370305
7.338509,5.739688,-0.109058
1.094549,0.413748,-1.590158
7.601899,0.342328,-0.000065
3.568046,1.693122,-1.079147
